<?xml version = '1.0' encoding = 'UTF-8'?>
<Relation class="oracle.dbtools.crest.model.design.logical.Relation" name="ZCQ_customer_service_relation" directorySegmentName="seg_0" id="3A838C38-E563-1AEF-9499-7008BF3A1705">
<createdBy>aaronkb</createdBy>
<createdTime>2022-04-06 20:11:03 UTC</createdTime>
<ownerDesignName>wow_sale</ownerDesignName>
<engineerTo>
<item key="629FA570-B614-3E96-F38F-518C33223816" value="true"/>
</engineerTo>
<sourcePk>DC5F7A26-8B99-A6DE-93D9-00837B1C21D4</sourcePk>
<identifying>true</identifying>
<optionalSource>false</optionalSource>
<optionalTarget>false</optionalTarget>
<sourceCardinality>1</sourceCardinality>
<sourceEntity>BBF3F162-BBE5-BE5D-A8C6-6875C88FD5F4</sourceEntity>
<targetCardinalityString>*</targetCardinalityString>
<targetEntity>F9653F57-51E7-D3D1-7FB4-500BFE694623</targetEntity>
<transferable>true</transferable>
<deleteRule>NO ACTION</deleteRule>
</Relation>