<?xml version = '1.0' encoding = 'UTF-8'?>
<Relation class="oracle.dbtools.crest.model.design.logical.Relation" name="ZCQ_cust_coupon_relation" directorySegmentName="seg_0" id="BBC11B3F-CDF7-AC04-26F7-8EA2322F20A6">
<createdBy>aaronkb</createdBy>
<createdTime>2022-04-06 20:08:04 UTC</createdTime>
<ownerDesignName>wow_sale</ownerDesignName>
<engineerTo>
<item key="629FA570-B614-3E96-F38F-518C33223816" value="true"/>
</engineerTo>
<sourcePk>DC5F7A26-8B99-A6DE-93D9-00837B1C21D4</sourcePk>
<identifying>true</identifying>
<optionalSource>true</optionalSource>
<optionalTarget>false</optionalTarget>
<sourceCardinality>1</sourceCardinality>
<sourceEntity>BBF3F162-BBE5-BE5D-A8C6-6875C88FD5F4</sourceEntity>
<targetCardinalityString>*</targetCardinalityString>
<targetEntity>E0443462-90CC-750B-38FF-DA602B4B3618</targetEntity>
<transferable>true</transferable>
<deleteRule>NO ACTION</deleteRule>
</Relation>