<?xml version = '1.0' encoding = 'UTF-8'?>
<FKIndexAssociation class="oracle.dbtools.crest.model.design.relational.FKIndexAssociation" directorySegmentName="seg_0" id="0B883532-4447-26C9-C78C-136B79B7BF25" containerWithKeyObject="E33D2C2A-1B8B-368F-1509-29D74D3AE64E" localFKIndex="1E495B54-D0C7-1FF7-8BAD-CCAEA0F4F7AA" name="ZCQ_coupon_cust_ZCQ_customer_FK">
<createdBy>aaronkb</createdBy>
<createdTime>2022-04-06 20:43:30 UTC</createdTime>
<generatorID>BBC11B3F-CDF7-AC04-26F7-8EA2322F20A6</generatorID>
<ownerDesignName>wow_sale</ownerDesignName>
<referredTableLongName>ZCQ_customer</referredTableLongName>
<deleteRule>NO ACTION</deleteRule>
<referredTableID>D1393E83-CE27-42F9-9974-678F7BE016F5</referredTableID>
<keyObject>59DB6B74-0E08-7B2A-E4D9-FAB2CDD666C9</keyObject>
<referredKeyID>59DB6B74-0E08-7B2A-E4D9-FAB2CDD666C9</referredKeyID>
<mandatory>true</mandatory>
<refColNames>c_id</refColNames>
<transferable>true</transferable>
<rely>false</rely>
<columnDependencyConstraintGenerateInDDL>true</columnDependencyConstraintGenerateInDDL>
</FKIndexAssociation>