<?xml version = '1.0' encoding = 'UTF-8'?>
<FKIndexAssociation class="oracle.dbtools.crest.model.design.relational.FKIndexAssociation" directorySegmentName="seg_0" id="66A66E38-E5F0-E71E-10ED-6DF509C48003" containerWithKeyObject="D8FEB7FF-389A-B9B1-9FBC-135B70ECB5AB" localFKIndex="31B983E6-65E3-6F4A-1D17-833F1DE9AB42" name="ZCQ_rental_service_ZCQ_office_FK">
<createdBy>aaronkb</createdBy>
<createdTime>2022-04-06 20:43:30 UTC</createdTime>
<generatorID>42AEEBEB-1E8F-1732-E0C7-3520FAA708E6</generatorID>
<ownerDesignName>wow_sale</ownerDesignName>
<referredTableLongName>ZCQ_office</referredTableLongName>
<deleteRule>NO ACTION</deleteRule>
<referredTableID>D32F2EFA-7152-9653-8B75-927B3F70E2B4</referredTableID>
<keyObject>FFF61FD1-67A6-A640-A7A9-A5036E5015EE</keyObject>
<referredKeyID>FFF61FD1-67A6-A640-A7A9-A5036E5015EE</referredKeyID>
<mandatory>true</mandatory>
<refColNames>ofc_id</refColNames>
<transferable>true</transferable>
<rely>false</rely>
<columnDependencyConstraintGenerateInDDL>true</columnDependencyConstraintGenerateInDDL>
</FKIndexAssociation>