<?xml version = '1.0' encoding = 'UTF-8'?>
<FKIndexAssociation class="oracle.dbtools.crest.model.design.relational.FKIndexAssociation" directorySegmentName="seg_0" id="CBF71F8E-A827-8B8D-D41F-C3C52CC34AF0" containerWithKeyObject="D8FEB7FF-389A-B9B1-9FBC-135B70ECB5AB" localFKIndex="4ED57F02-385C-50CA-033D-79DE04CF0E0C" name="ZCQ_rental_service_ZCQ_customer_FK">
<createdBy>aaronkb</createdBy>
<createdTime>2022-04-06 20:43:30 UTC</createdTime>
<generatorID>3A838C38-E563-1AEF-9499-7008BF3A1705</generatorID>
<ownerDesignName>wow_sale</ownerDesignName>
<referredTableLongName>ZCQ_customer</referredTableLongName>
<deleteRule>NO ACTION</deleteRule>
<referredTableID>D1393E83-CE27-42F9-9974-678F7BE016F5</referredTableID>
<keyObject>59DB6B74-0E08-7B2A-E4D9-FAB2CDD666C9</keyObject>
<referredKeyID>59DB6B74-0E08-7B2A-E4D9-FAB2CDD666C9</referredKeyID>
<mandatory>true</mandatory>
<refColNames>c_id</refColNames>
<transferable>true</transferable>
<rely>false</rely>
<columnDependencyConstraintGenerateInDDL>true</columnDependencyConstraintGenerateInDDL>
</FKIndexAssociation>