<?xml version = '1.0' encoding = 'UTF-8'?>
<FKIndexAssociation class="oracle.dbtools.crest.model.design.relational.FKIndexAssociation" directorySegmentName="seg_0" id="E7047B16-E8A7-9DCD-A3A9-D5B07693CE26" containerWithKeyObject="4FF9E9F6-64B5-7955-D687-7B9B38FBB83D" localFKIndex="8FE86855-83AE-7DEA-6C3F-4451DB1E154C" name="ZCQ_corp_emp_ZCQ_customer_FK">
<createdBy>aaronkb</createdBy>
<createdTime>2022-04-06 20:43:30 UTC</createdTime>
<generatorID>5C1189D7-223E-F13F-E12F-9932D021A369</generatorID>
<ownerDesignName>wow_sale</ownerDesignName>
<referredTableLongName>ZCQ_customer</referredTableLongName>
<arc>D648B6AB-F6AA-DC05-F086-6ED5E9E54534</arc>
<deleteRule>NO ACTION</deleteRule>
<referredTableID>D1393E83-CE27-42F9-9974-678F7BE016F5</referredTableID>
<keyObject>59DB6B74-0E08-7B2A-E4D9-FAB2CDD666C9</keyObject>
<referredKeyID>59DB6B74-0E08-7B2A-E4D9-FAB2CDD666C9</referredKeyID>
<mandatory>true</mandatory>
<refColNames>c_id</refColNames>
<transferable>true</transferable>
<rely>false</rely>
<discriminatorValue>C</discriminatorValue>
<columnDependencyConstraintGenerateInDDL>true</columnDependencyConstraintGenerateInDDL>
</FKIndexAssociation>