INSERT INTO STUDENT VALUES (100000, 'John', 'Garcia', '6 Metro Tech', 'New York', 'NY', '10010', '100-100-1100', TO_DATE('1997/01/01','YYYY/MM/DD'));
INSERT INTO STUDENT VALUES (100001, 'Justin', 'Roberts', '3 Metro Tech', 'New York', 'NY', '10010', '100-100-1101', TO_DATE('1996/03/05','YYYY/MM/DD'));
INSERT INTO STUDENT VALUES (100002, 'Katherine', 'Watson', 'Riverside', 'New Jersey', 'NJ', '07311', '929-100-1000', TO_DATE('1990/10/12','YYYY/MM/DD'));
INSERT INTO STUDENT VALUES (100003, 'Anthony', 'Simmons', 'Diamond Ave', 'Orange', 'CA', '91000', '402-100-9200', TO_DATE('1995/05/05','YYYY/MM/DD'));
INSERT INTO STUDENT VALUES (100004, 'Dongmei', 'Ma', 'Flushing', 'New York', 'NY', '11000', '325-001-200', TO_DATE('2000/01/30','YYYY/MM/DD'));
INSERT INTO STUDENT VALUES (100005, 'Irene', 'Miller', 'Farmland', 'Dallas', 'TX', '75002', '727-100-0001', TO_DATE('1999/02/28','YYYY/MM/DD'));
INSERT INTO STUDENT VALUES (100006, 'Chris', 'Harris', 'Union Center', 'Champaign', 'IL', '61820', '630-700-8000', TO_DATE('1995/11/09','YYYY/MM/DD'));
INSERT INTO STUDENT VALUES (100007, 'Ravish', 'Kumar', 'Broadway Ave', 'New York', 'NY', '10036', '123-000-1234', TO_DATE('1994/12/08','YYYY/MM/DD'));
INSERT INTO STUDENT VALUES (100008, 'Harold', 'Romano', 'Big Lake', 'Seattle', 'WA', '98105', '910-402-100', TO_DATE('1996/07/10','YYYY/MM/DD'));
INSERT INTO STUDENT VALUES (100009, 'Todd', 'Cooper', 'Mission Bay', 'San Francisco', 'CA', '94107', '285-710-0099', TO_DATE('1997/08/16','YYYY/MM/DD'));

INSERT INTO ACTIVITY VALUES (2000, 'Piano Concert', 'MODERATE');
INSERT INTO ACTIVITY VALUES (2001, 'Math Contest', 'CHALLENGE');
INSERT INTO ACTIVITY VALUES (2002, 'Art Gallery', 'EASY');
INSERT INTO ACTIVITY VALUES (2003, 'Coding Competition', 'CHALLENGE');
INSERT INTO ACTIVITY VALUES (2004, 'Good Voice NYU', 'MODERATE');
INSERT INTO ACTIVITY VALUES (2005, 'City Trip', 'EASY');
INSERT INTO ACTIVITY VALUES (2006, 'Volunteer Trip', 'MODERATE');
INSERT INTO ACTIVITY VALUES (2007, 'Best Choreographer', 'CHALLENGE');
INSERT INTO ACTIVITY VALUES (2008, 'Italian Style Dinner', 'EASY');
INSERT INTO ACTIVITY VALUES (2009, 'Introduce to PS', 'MODERATE');

INSERT INTO STUDENT_ACTIVITY VALUES (3000001, TO_DATE('2021-05-03','YYYY/MM/DD'), TO_DATE('2021-05-04','YYYY/MM/DD'), 100000, 2000);
INSERT INTO STUDENT_ACTIVITY VALUES (3000002, TO_DATE('2021-05-04','YYYY/MM/DD'), TO_DATE('2021-05-06','YYYY/MM/DD'), 100003, 2001);
INSERT INTO STUDENT_ACTIVITY VALUES (3000003, TO_DATE('2021-04-30','YYYY/MM/DD'), TO_DATE('2021-05-30','YYYY/MM/DD'), 100005, 2002);
INSERT INTO STUDENT_ACTIVITY VALUES (3000004, TO_DATE('2021-05-10','YYYY/MM/DD'), TO_DATE('2021-05-10','YYYY/MM/DD'), 100008, 2003);
INSERT INTO STUDENT_ACTIVITY VALUES (3000005, TO_DATE('2021-05-05','YYYY/MM/DD'), TO_DATE('2021-06-30','YYYY/MM/DD'), 100003, 2004);
INSERT INTO STUDENT_ACTIVITY VALUES (3000006, TO_DATE('2021-04-15','YYYY/MM/DD'), TO_DATE('2021-05-04','YYYY/MM/DD'), 100001, 2005);
INSERT INTO STUDENT_ACTIVITY VALUES (3000007, TO_DATE('2021-05-01','YYYY/MM/DD'), TO_DATE('2021-05-07','YYYY/MM/DD'), 100000, 2006);
INSERT INTO STUDENT_ACTIVITY VALUES (3000008, TO_DATE('2021-03-20','YYYY/MM/DD'), TO_DATE('2021-06-20','YYYY/MM/DD'), 100001, 2007);
INSERT INTO STUDENT_ACTIVITY VALUES (3000009, TO_DATE('2021-05-03','YYYY/MM/DD'), TO_DATE('2021-05-03','YYYY/MM/DD'), 100004, 2008);
INSERT INTO STUDENT_ACTIVITY VALUES (3000010, TO_DATE('2021-05-03','YYYY/MM/DD'), TO_DATE('2021-05-10','YYYY/MM/DD'), 100003, 2009);
INSERT INTO STUDENT_ACTIVITY VALUES (3000011, TO_DATE('2021-02-10','YYYY/MM/DD'), TO_DATE('2021-03-11','YYYY/MM/DD'), 100004, 2000);
INSERT INTO STUDENT_ACTIVITY VALUES (3000012, TO_DATE('2021-02-10','YYYY/MM/DD'), TO_DATE('2021-02-11','YYYY/MM/DD'), 100005, 2000);
INSERT INTO STUDENT_ACTIVITY VALUES (3000013, TO_DATE('2021-01-15','YYYY/MM/DD'), TO_DATE('2021-01-16','YYYY/MM/DD'), 100006, 2001);
INSERT INTO STUDENT_ACTIVITY VALUES (3000014, TO_DATE('2021-01-15','YYYY/MM/DD'), TO_DATE('2021-01-16','YYYY/MM/DD'), 100003, 2001);
INSERT INTO STUDENT_ACTIVITY VALUES (3000015, TO_DATE('2021-01-12','YYYY/MM/DD'), TO_DATE('2021-03-20','YYYY/MM/DD'), 100008, 2002);
INSERT INTO STUDENT_ACTIVITY VALUES (3000016, TO_DATE('2021-01-08','YYYY/MM/DD'), TO_DATE('2021-04-12','YYYY/MM/DD'), 100009, 2002);
INSERT INTO STUDENT_ACTIVITY VALUES (3000017, TO_DATE('2021-03-20','YYYY/MM/DD'), TO_DATE('2021-03-20','YYYY/MM/DD'), 100000, 2003);
INSERT INTO STUDENT_ACTIVITY VALUES (3000018, TO_DATE('2021-02-20','YYYY/MM/DD'), TO_DATE('2021-05-20','YYYY/MM/DD'), 100000, 2004);
INSERT INTO STUDENT_ACTIVITY VALUES (3000019, TO_DATE('2021-04-30','YYYY/MM/DD'), TO_DATE('2021-05-02','YYYY/MM/DD'), 100001, 2005);
INSERT INTO STUDENT_ACTIVITY VALUES (3000020, TO_DATE('2021-05-01','YYYY/MM/DD'), TO_DATE('2021-12-07','YYYY/MM/DD'), 100001, 2006);
INSERT INTO STUDENT_ACTIVITY VALUES (3000021, TO_DATE('2020-12-20','YYYY/MM/DD'), TO_DATE('2021-03-10','YYYY/MM/DD'), 100003, 2007);
INSERT INTO STUDENT_ACTIVITY VALUES (3000022, TO_DATE('2020-05-20','YYYY/MM/DD'), TO_DATE('2020-05-20','YYYY/MM/DD'), 100003, 2008);
INSERT INTO STUDENT_ACTIVITY VALUES (3000023, TO_DATE('2020-11-07','YYYY/MM/DD'), TO_DATE('2021-01-27','YYYY/MM/DD'), 100005, 2009);
INSERT INTO STUDENT_ACTIVITY VALUES (3000024, TO_DATE('2020-08-24','YYYY/MM/DD'), TO_DATE('2020-08-24','YYYY/MM/DD'), 100005, 2008);
INSERT INTO STUDENT_ACTIVITY VALUES (3000025, TO_DATE('2020-06-06','YYYY/MM/DD'), TO_DATE('2020-09-19','YYYY/MM/DD'), 100006, 2007);
INSERT INTO STUDENT_ACTIVITY VALUES (3000026, TO_DATE('2020-04-15','YYYY/MM/DD'), TO_DATE('2021-04-23','YYYY/MM/DD'), 100005, 2006);
INSERT INTO STUDENT_ACTIVITY VALUES (3000027, TO_DATE('2019-01-12','YYYY/MM/DD'), TO_DATE('2019-01-12','YYYY/MM/DD'), 100009, 2005);
INSERT INTO STUDENT_ACTIVITY VALUES (3000028, TO_DATE('2019-01-10','YYYY/MM/DD'), TO_DATE('2019-08-10','YYYY/MM/DD'), 100009, 2004);
INSERT INTO STUDENT_ACTIVITY VALUES (3000029, TO_DATE('2019-01-01','YYYY/MM/DD'), TO_DATE('2019-01-02','YYYY/MM/DD'), 100008, 2000);
INSERT INTO STUDENT_ACTIVITY VALUES (3000030, TO_DATE('2019-01-01','YYYY/MM/DD'), TO_DATE('2019-01-01','YYYY/MM/DD'), 100006, 2001);

COMMIT;
