<?xml version = '1.0' encoding = 'UTF-8'?>
<Diagram class="oracle.dbtools.crest.swingui.relational.DPVRelational" name="Relational_1" id="2016BA38-05B1-A9AB-E909-2877B30E59FD">
<createdBy>aaronkb</createdBy>
<modifiedBy>aaronkb</modifiedBy>
<createdTime>2022-04-06 20:43:13 UTC</createdTime>
<autoRoute>false</autoRoute>
<boxInbox>true</boxInbox>
<showLegend>false</showLegend>
<showLabels>false</showLabels>
<showRelAttributes>false</showRelAttributes>
<gridEnabled>false</gridEnabled>
<showGrid>false</showGrid>
<diagramColor>-1</diagramColor>
<display>false</display>
<notation>1</notation>
<objectViews>
<OView class="oracle.dbtools.crest.swingui.relational.TVTable" oid="0DC784FC-F605-2BD8-F725-F1FC3B0317EC" otype="Table" vid="70ED2D45-ED6F-836E-3CF6-E2F38FE748B0">
<hideElementsInCurrentOnly>false</hideElementsInCurrentOnly>
<bounds x="38" y="740" width="293" height="141"/>
</OView>
<OView class="oracle.dbtools.crest.swingui.relational.TVTable" oid="1CA9E116-4941-0321-8D76-7DFCFB259429" otype="Table" vid="7EABE4F2-E547-CC2A-8D75-931D8494CED8">
<hideElementsInCurrentOnly>false</hideElementsInCurrentOnly>
<bounds x="1185" y="401" width="170" height="110"/>
</OView>
<OView class="oracle.dbtools.crest.swingui.relational.TVTable" oid="35113C9D-C9CF-6AFF-9F45-F2F09F46E894" otype="Table" vid="13E522BD-B953-D4DF-EAFF-4F07E0D25F17">
<hideElementsInCurrentOnly>false</hideElementsInCurrentOnly>
<bounds x="706" y="50" width="189" height="96"/>
</OView>
<OView class="oracle.dbtools.crest.swingui.relational.TVTable" oid="4FF9E9F6-64B5-7955-D687-7B9B38FBB83D" otype="Table" vid="E99486D6-B39C-34C7-47D3-AC1E311F81C1">
<hideElementsInCurrentOnly>false</hideElementsInCurrentOnly>
<bounds x="875" y="399" width="247" height="128"/>
</OView>
<OView class="oracle.dbtools.crest.swingui.relational.TVTable" oid="8F225FF7-81F7-9505-249E-33DFBA35BDF6" otype="Table" vid="02B1E2D1-D72A-FC18-5223-DC8CE89AA635">
<hideElementsInCurrentOnly>false</hideElementsInCurrentOnly>
<bounds x="359" y="17" width="253" height="193"/>
</OView>
<OView class="oracle.dbtools.crest.swingui.relational.TVTable" oid="BFEAF804-17FB-92C0-A3EA-04CB9ACF70C4" otype="Table" vid="A6AD0554-824F-4A03-6EFE-91A07ED4C253">
<hideElementsInCurrentOnly>false</hideElementsInCurrentOnly>
<bounds x="348" y="582" width="368" height="160"/>
</OView>
<OView class="oracle.dbtools.crest.swingui.relational.TVTable" oid="CDBBB986-954C-B2AF-C4AB-FF2F97FB60CA" otype="Table" vid="608902D3-DC0B-4E4F-2043-DC3A930BC632">
<hideElementsInCurrentOnly>false</hideElementsInCurrentOnly>
<bounds x="109" y="601" width="156" height="102"/>
</OView>
<OView class="oracle.dbtools.crest.swingui.relational.TVTable" oid="D1393E83-CE27-42F9-9974-678F7BE016F5" otype="Table" vid="7F535839-71E3-EE08-90C2-C30FEB89CD1D">
<hideElementsInCurrentOnly>false</hideElementsInCurrentOnly>
<bounds x="646" y="288" width="185" height="187"/>
</OView>
<OView class="oracle.dbtools.crest.swingui.relational.TVTable" oid="D32F2EFA-7152-9653-8B75-927B3F70E2B4" otype="Table" vid="477F49EA-16EC-0316-388D-BC5B2C852335">
<hideElementsInCurrentOnly>false</hideElementsInCurrentOnly>
<bounds x="22" y="38" width="189" height="135"/>
</OView>
<OView class="oracle.dbtools.crest.swingui.relational.TVTable" oid="D8FEB7FF-389A-B9B1-9FBC-135B70ECB5AB" otype="Table" vid="03205856-515C-9837-4E38-759DE01EB0E3">
<hideElementsInCurrentOnly>false</hideElementsInCurrentOnly>
<bounds x="178" y="240" width="270" height="316"/>
</OView>
<OView class="oracle.dbtools.crest.swingui.relational.TVTable" oid="DCD078A4-CE9B-C54E-9D2A-B9FDE384B8B6" otype="Table" vid="0F685661-253A-4BF3-4F13-EC1333212FA4">
<hideElementsInCurrentOnly>false</hideElementsInCurrentOnly>
<bounds x="872" y="228" width="229" height="115"/>
</OView>
<OView class="oracle.dbtools.crest.swingui.relational.TVTable" oid="E33D2C2A-1B8B-368F-1509-29D74D3AE64E" otype="Table" vid="DEC51728-A9EE-F235-2D0C-63EA68CF76B6">
<hideElementsInCurrentOnly>false</hideElementsInCurrentOnly>
<bounds x="770" y="589" width="262" height="115"/>
</OView>
</objectViews>
<connectors>
<Connector class="oracle.dbtools.crest.swingui.relational.TVFKRelation" oid="0B883532-4447-26C9-C78C-136B79B7BF25" otype="FKIndexAssociation" vid_source="7F535839-71E3-EE08-90C2-C30FEB89CD1D" vid_target="DEC51728-A9EE-F235-2D0C-63EA68CF76B6">
<hideElementsInCurrentOnly>false</hideElementsInCurrentOnly>
<backgroundColor>-16777216</backgroundColor>
<lineWidth>1</lineWidth>
<points>
<point x="800" y="475"/>
<point x="800" y="589"/>
</points>
</Connector>
<Connector class="oracle.dbtools.crest.swingui.relational.TVFKRelation" oid="1B103046-9E60-7236-D6B9-FCFD95C7D685" otype="FKIndexAssociation" vid_source="A6AD0554-824F-4A03-6EFE-91A07ED4C253" vid_target="DEC51728-A9EE-F235-2D0C-63EA68CF76B6">
<hideElementsInCurrentOnly>false</hideElementsInCurrentOnly>
<backgroundColor>-16777216</backgroundColor>
<lineWidth>1</lineWidth>
<points>
<point x="716" y="646"/>
<point x="770" y="646"/>
</points>
</Connector>
<Connector class="oracle.dbtools.crest.swingui.relational.TVFKRelation" oid="5EB7CC4F-F4A3-FD14-B9E7-0B7E68D7EC26" otype="FKIndexAssociation" vid_source="477F49EA-16EC-0316-388D-BC5B2C852335" vid_target="02B1E2D1-D72A-FC18-5223-DC8CE89AA635">
<hideElementsInCurrentOnly>false</hideElementsInCurrentOnly>
<backgroundColor>-16777216</backgroundColor>
<lineWidth>1</lineWidth>
<points>
<point x="211" y="105"/>
<point x="359" y="105"/>
</points>
</Connector>
<Connector class="oracle.dbtools.crest.swingui.relational.TVFKRelation" oid="66A66E38-E5F0-E71E-10ED-6DF509C48003" otype="FKIndexAssociation" vid_source="477F49EA-16EC-0316-388D-BC5B2C852335" vid_target="03205856-515C-9837-4E38-759DE01EB0E3">
<hideElementsInCurrentOnly>false</hideElementsInCurrentOnly>
<backgroundColor>-16777216</backgroundColor>
<lineWidth>1</lineWidth>
<points>
<point x="209" y="173"/>
<point x="209" y="240"/>
</points>
</Connector>
<Connector class="oracle.dbtools.crest.swingui.relational.TVFKRelation" oid="688472D6-E688-E2A9-19AE-69C8DFD20DFB" otype="FKIndexAssociation" vid_source="02B1E2D1-D72A-FC18-5223-DC8CE89AA635" vid_target="03205856-515C-9837-4E38-759DE01EB0E3">
<hideElementsInCurrentOnly>false</hideElementsInCurrentOnly>
<backgroundColor>-16777216</backgroundColor>
<lineWidth>1</lineWidth>
<points>
<point x="403" y="210"/>
<point x="403" y="240"/>
</points>
</Connector>
<Connector class="oracle.dbtools.crest.swingui.relational.TVFKRelation" oid="7BA493E1-67FA-AD54-CA23-2D7FFC1304E9" otype="FKIndexAssociation" vid_source="7EABE4F2-E547-CC2A-8D75-931D8494CED8" vid_target="E99486D6-B39C-34C7-47D3-AC1E311F81C1">
<hideElementsInCurrentOnly>false</hideElementsInCurrentOnly>
<backgroundColor>-16777216</backgroundColor>
<lineWidth>1</lineWidth>
<points>
<point x="1185" y="456"/>
<point x="1122" y="456"/>
</points>
</Connector>
<Connector class="oracle.dbtools.crest.swingui.relational.TVFKRelation" oid="B1D032D0-BC4B-F7E1-91AF-346710577260" otype="FKIndexAssociation" vid_source="7F535839-71E3-EE08-90C2-C30FEB89CD1D" vid_target="0F685661-253A-4BF3-4F13-EC1333212FA4">
<hideElementsInCurrentOnly>false</hideElementsInCurrentOnly>
<backgroundColor>-16777216</backgroundColor>
<lineWidth>1</lineWidth>
<points>
<point x="831" y="315"/>
<point x="872" y="315"/>
</points>
</Connector>
<Connector class="oracle.dbtools.crest.swingui.relational.TVFKRelation" oid="BC2D4540-6E82-CF6C-E3E8-88B69F2049AC" otype="FKIndexAssociation" vid_source="608902D3-DC0B-4E4F-2043-DC3A930BC632" vid_target="70ED2D45-ED6F-836E-3CF6-E2F38FE748B0">
<hideElementsInCurrentOnly>false</hideElementsInCurrentOnly>
<backgroundColor>-16777216</backgroundColor>
<lineWidth>1</lineWidth>
<points>
<point x="187" y="703"/>
<point x="187" y="740"/>
</points>
</Connector>
<Connector class="oracle.dbtools.crest.swingui.relational.TVFKRelation" oid="BD01432B-BE9E-6AB4-49F5-259BCCDEE5CB" otype="FKIndexAssociation" vid_source="A6AD0554-824F-4A03-6EFE-91A07ED4C253" vid_target="03205856-515C-9837-4E38-759DE01EB0E3">
<hideElementsInCurrentOnly>false</hideElementsInCurrentOnly>
<backgroundColor>-16777216</backgroundColor>
<lineWidth>1</lineWidth>
<points>
<point x="398" y="582"/>
<point x="398" y="556"/>
</points>
</Connector>
<Connector class="oracle.dbtools.crest.swingui.relational.TVFKRelation" oid="C233710C-4784-C178-88DB-90E0D727113B" otype="FKIndexAssociation" vid_source="477F49EA-16EC-0316-388D-BC5B2C852335" vid_target="02B1E2D1-D72A-FC18-5223-DC8CE89AA635">
<hideElementsInCurrentOnly>false</hideElementsInCurrentOnly>
<backgroundColor>-16777216</backgroundColor>
<lineWidth>1</lineWidth>
<points>
<point x="211" y="120"/>
<point x="359" y="120"/>
</points>
</Connector>
<Connector class="oracle.dbtools.crest.swingui.relational.TVFKRelation" oid="C5DCA3D0-F37D-31F8-AA6F-067E9D6235F7" otype="FKIndexAssociation" vid_source="608902D3-DC0B-4E4F-2043-DC3A930BC632" vid_target="03205856-515C-9837-4E38-759DE01EB0E3">
<hideElementsInCurrentOnly>false</hideElementsInCurrentOnly>
<backgroundColor>-16777216</backgroundColor>
<lineWidth>1</lineWidth>
<points>
<point x="221" y="601"/>
<point x="221" y="556"/>
</points>
</Connector>
<Connector class="oracle.dbtools.crest.swingui.relational.TVFKRelation" oid="CBF71F8E-A827-8B8D-D41F-C3C52CC34AF0" otype="FKIndexAssociation" vid_source="7F535839-71E3-EE08-90C2-C30FEB89CD1D" vid_target="03205856-515C-9837-4E38-759DE01EB0E3">
<hideElementsInCurrentOnly>false</hideElementsInCurrentOnly>
<backgroundColor>-16777216</backgroundColor>
<lineWidth>1</lineWidth>
<points>
<point x="646" y="381"/>
<point x="448" y="381"/>
</points>
</Connector>
<Connector class="oracle.dbtools.crest.swingui.relational.TVFKRelation" oid="DD41A917-FA05-DB4C-63D3-AC99E906AA49" otype="FKIndexAssociation" vid_source="477F49EA-16EC-0316-388D-BC5B2C852335" vid_target="03205856-515C-9837-4E38-759DE01EB0E3">
<hideElementsInCurrentOnly>false</hideElementsInCurrentOnly>
<backgroundColor>-16777216</backgroundColor>
<lineWidth>1</lineWidth>
<points>
<point x="194" y="173"/>
<point x="194" y="240"/>
</points>
</Connector>
<Connector class="oracle.dbtools.crest.swingui.relational.TVFKRelation" oid="E4064714-C102-E23F-0715-A9E3D2C98257" otype="FKIndexAssociation" vid_source="13E522BD-B953-D4DF-EAFF-4F07E0D25F17" vid_target="02B1E2D1-D72A-FC18-5223-DC8CE89AA635">
<hideElementsInCurrentOnly>false</hideElementsInCurrentOnly>
<backgroundColor>-16777216</backgroundColor>
<lineWidth>1</lineWidth>
<points>
<point x="706" y="98"/>
<point x="612" y="98"/>
</points>
</Connector>
<Connector class="oracle.dbtools.crest.swingui.relational.TVFKRelation" oid="E7047B16-E8A7-9DCD-A3A9-D5B07693CE26" otype="FKIndexAssociation" vid_source="7F535839-71E3-EE08-90C2-C30FEB89CD1D" vid_target="E99486D6-B39C-34C7-47D3-AC1E311F81C1">
<hideElementsInCurrentOnly>false</hideElementsInCurrentOnly>
<backgroundColor>-16777216</backgroundColor>
<lineWidth>1</lineWidth>
<points>
<point x="831" y="437"/>
<point x="875" y="437"/>
</points>
</Connector>
</connectors>
<arcs>
<Arc class="oracle.dbtools.crest.swingui.relational.TVFKArc" oid="D648B6AB-F6AA-DC05-F086-6ED5E9E54534" otype="FKArc" vid="6507DBCB-6D9D-7F08-C086-E65888000855">
<hideElementsInCurrentOnly>false</hideElementsInCurrentOnly>
<bounds x="626" y="268" width="225" height="227"/>
</Arc>
</arcs>
</Diagram>