<?xml version = '1.0' encoding = 'UTF-8'?>
<Entity class="oracle.dbtools.crest.model.design.logical.Entity" directorySegmentName="seg_0" id="50DB4B14-9A76-6F25-BDB8-F106C816F602" name="ZCQ_payment">
<createdBy>aaronkb</createdBy>
<createdTime>2022-04-06 19:36:16 UTC</createdTime>
<ownerDesignName>wow_sale</ownerDesignName>
<engineerTo>
<item key="629FA570-B614-3E96-F38F-518C33223816" value="true"/>
</engineerTo>
<adequatelyNormalized>NO</adequatelyNormalized>
<expectedVolumes>0</expectedVolumes>
<fwdEngineeringStrategyName>Single Table</fwdEngineeringStrategyName>
<growthPercent>0</growthPercent>
<growthType>Year</growthType>
<maxVolumes>9999999</maxVolumes>
<minVolumes>0</minVolumes>
<normalForm>Third</normalForm>
<attributes itemClass="oracle.dbtools.crest.model.design.logical.Attribute">
<Attribute name="pay_id" id="3F315921-D2B4-B081-E29E-FE6F3B30C831">
<createdBy>aaronkb</createdBy>
<createdTime>2022-04-06 19:36:30 UTC</createdTime>
<ownerDesignName>wow_sale</ownerDesignName>
<engineerTo>
<item key="629FA570-B614-3E96-F38F-518C33223816" value="true"/>
</engineerTo>
<useDomainConstraints>false</useDomainConstraints>
<use>1</use>
<logicalDatatype>LOGDT019</logicalDatatype>
<dataTypePrecision>20</dataTypePrecision>
<ownDataTypeParameters>,20,</ownDataTypeParameters>
</Attribute>
<Attribute name="date" id="BD40547C-0673-34D2-71A8-CA36F3BF3735">
<createdBy>aaronkb</createdBy>
<createdTime>2022-04-06 19:36:43 UTC</createdTime>
<ownerDesignName>wow_sale</ownerDesignName>
<engineerTo>
<item key="629FA570-B614-3E96-F38F-518C33223816" value="true"/>
</engineerTo>
<useDomainConstraints>false</useDomainConstraints>
<use>1</use>
<logicalDatatype>LOGDT008</logicalDatatype>
<ownDataTypeParameters>,,</ownDataTypeParameters>
</Attribute>
<Attribute name="method" id="076EC696-2C60-3A4A-E453-5EFF2546557B">
<createdBy>aaronkb</createdBy>
<createdTime>2022-04-06 19:36:51 UTC</createdTime>
<ownerDesignName>wow_sale</ownerDesignName>
<engineerTo>
<item key="629FA570-B614-3E96-F38F-518C33223816" value="true"/>
</engineerTo>
<useDomainConstraints>false</useDomainConstraints>
<use>1</use>
<logicalDatatype>LOGDT024</logicalDatatype>
<dataTypeSize>20</dataTypeSize>
<ownDataTypeParameters>20,,</ownDataTypeParameters>
</Attribute>
<Attribute name="amount" id="14A8B876-9388-F107-1FA7-72162AD4A640">
<createdBy>aaronkb</createdBy>
<createdTime>2022-04-06 19:37:04 UTC</createdTime>
<ownerDesignName>wow_sale</ownerDesignName>
<engineerTo>
<item key="629FA570-B614-3E96-F38F-518C33223816" value="true"/>
</engineerTo>
<useDomainConstraints>false</useDomainConstraints>
<use>1</use>
<logicalDatatype>LOGDT019</logicalDatatype>
<dataTypePrecision>20</dataTypePrecision>
<ownDataTypeParameters>,20,</ownDataTypeParameters>
</Attribute>
<Attribute name="card_no" id="149D3A10-10FE-D1CB-56CA-E84579FE8913">
<createdBy>aaronkb</createdBy>
<createdTime>2022-04-06 19:40:28 UTC</createdTime>
<ownerDesignName>wow_sale</ownerDesignName>
<engineerTo>
<item key="629FA570-B614-3E96-F38F-518C33223816" value="true"/>
</engineerTo>
<useDomainConstraints>false</useDomainConstraints>
<use>1</use>
<logicalDatatype>LOGDT019</logicalDatatype>
<dataTypePrecision>20</dataTypePrecision>
<ownDataTypeParameters>,20,</ownDataTypeParameters>
</Attribute>
<Attribute name="invo_id" id="2261B83C-4F2D-A2D9-5367-E8A903444586">
<createdBy>aaronkb</createdBy>
<createdTime>2022-04-06 20:07:36 UTC</createdTime>
<generatorID>B064FD85-E527-B29B-16B9-9CA1D226B4E6</generatorID>
<ownerDesignName>wow_sale</ownerDesignName>
<engineerTo>
<item key="629FA570-B614-3E96-F38F-518C33223816" value="true"/>
</engineerTo>
<referedAttribute>1C1BDD79-3B6E-B6D2-0B18-88F4D91A5F38</referedAttribute>
<useDomainConstraints>false</useDomainConstraints>
<use>1</use>
<logicalDatatype>LOGDT019</logicalDatatype>
<dataTypePrecision>20</dataTypePrecision>
<ownDataTypeParameters>,,</ownDataTypeParameters>
</Attribute>
</attributes>
<identifiers itemClass="oracle.dbtools.crest.model.design.logical.CandidateKey">
<identifier id="E89C862D-85A9-8DB5-27F9-E26969A1D288" name="ZCQ_payment PK">
<createdBy>aaronkb</createdBy>
<createdTime>2022-04-06 19:36:43 UTC</createdTime>
<ownerDesignName>wow_sale</ownerDesignName>
<engineerTo>
<item key="629FA570-B614-3E96-F38F-518C33223816" value="true"/>
</engineerTo>
<pk>true</pk>
<usedAttributes>
<attributeRef>3F315921-D2B4-B081-E29E-FE6F3B30C831</attributeRef>
<attributeRef>2261B83C-4F2D-A2D9-5367-E8A903444586</attributeRef>
</usedAttributes>
</identifier>
</identifiers>
</Entity>