<?xml version = '1.0' encoding = 'UTF-8'?>
<Entity class="oracle.dbtools.crest.model.design.logical.Entity" directorySegmentName="seg_0" id="6AE641EB-9C73-17C9-965C-171D7D318C74" name="ZCQ_corp_emp">
<createdBy>aaronkb</createdBy>
<createdTime>2022-04-06 19:55:10 UTC</createdTime>
<ownerDesignName>wow_sale</ownerDesignName>
<engineerTo>
<item key="629FA570-B614-3E96-F38F-518C33223816" value="true"/>
</engineerTo>
<adequatelyNormalized>NO</adequatelyNormalized>
<expectedVolumes>0</expectedVolumes>
<fwdEngineeringStrategyName>Single Table</fwdEngineeringStrategyName>
<growthPercent>0</growthPercent>
<growthType>Year</growthType>
<hierarchicalParent>BBF3F162-BBE5-BE5D-A8C6-6875C88FD5F4</hierarchicalParent>
<maxVolumes>9999999</maxVolumes>
<minVolumes>0</minVolumes>
<normalForm>Third</normalForm>
<discriminatorValue>C</discriminatorValue>
<completeSubtypes>true</completeSubtypes>
<attributes itemClass="oracle.dbtools.crest.model.design.logical.Attribute">
<Attribute name="employee_id" id="BBD8B3DB-CC72-E5A0-8E50-2134595068C3">
<createdBy>aaronkb</createdBy>
<createdTime>2022-04-06 19:55:29 UTC</createdTime>
<ownerDesignName>wow_sale</ownerDesignName>
<engineerTo>
<item key="629FA570-B614-3E96-F38F-518C33223816" value="true"/>
</engineerTo>
<useDomainConstraints>false</useDomainConstraints>
<use>1</use>
<logicalDatatype>LOGDT019</logicalDatatype>
<dataTypePrecision>10</dataTypePrecision>
<ownDataTypeParameters>,10,</ownDataTypeParameters>
</Attribute>
<Attribute name="corp_id" id="B3A97088-0431-B874-D137-437298DF7EAA">
<createdBy>aaronkb</createdBy>
<createdTime>2022-04-06 21:00:40 UTC</createdTime>
<generatorID>AF03CC55-AD59-9835-5E37-AF169DDDCD00</generatorID>
<ownerDesignName>wow_sale</ownerDesignName>
<engineerTo>
<item key="629FA570-B614-3E96-F38F-518C33223816" value="true"/>
</engineerTo>
<referedAttribute>1C7BCB65-5D1C-01B4-2284-8A75ED5716D0</referedAttribute>
<useDomainConstraints>false</useDomainConstraints>
<use>1</use>
<logicalDatatype>LOGDT019</logicalDatatype>
<dataTypePrecision>10</dataTypePrecision>
<ownDataTypeParameters>,,</ownDataTypeParameters>
</Attribute>
</attributes>
<identifiers itemClass="oracle.dbtools.crest.model.design.logical.CandidateKey">
<identifier id="DC0EAA97-01F5-70A6-A745-4403C80E9A97" name="ZCQ_corp_emp PK">
<createdBy>aaronkb</createdBy>
<createdTime>2022-04-06 21:00:38 UTC</createdTime>
<ownerDesignName>wow_sale</ownerDesignName>
<engineerTo>
<item key="629FA570-B614-3E96-F38F-518C33223816" value="true"/>
</engineerTo>
<pk>true</pk>
<usedAttributes>
<attributeRef>B3A97088-0431-B874-D137-437298DF7EAA</attributeRef>
</usedAttributes>
</identifier>
</identifiers>
</Entity>