<?xml version = '1.0' encoding = 'UTF-8'?>
<Entity class="oracle.dbtools.crest.model.design.logical.Entity" directorySegmentName="seg_0" id="BBF3F162-BBE5-BE5D-A8C6-6875C88FD5F4" name="ZCQ_customer">
<createdBy>aaronkb</createdBy>
<createdTime>2022-04-06 19:41:17 UTC</createdTime>
<ownerDesignName>wow_sale</ownerDesignName>
<engineerTo>
<item key="629FA570-B614-3E96-F38F-518C33223816" value="true"/>
</engineerTo>
<adequatelyNormalized>NO</adequatelyNormalized>
<expectedVolumes>0</expectedVolumes>
<fwdEngineeringStrategyName>Single Table</fwdEngineeringStrategyName>
<growthPercent>0</growthPercent>
<growthType>Year</growthType>
<maxVolumes>9999999</maxVolumes>
<minVolumes>0</minVolumes>
<normalForm>Third</normalForm>
<generateDiscrimColumn>true</generateDiscrimColumn>
<discriminatorAttributeID>E3EE35F2-F752-FEB9-779E-68A64BDD611A</discriminatorAttributeID>
<completeSubtypes>true</completeSubtypes>
<attributes itemClass="oracle.dbtools.crest.model.design.logical.Attribute">
<Attribute name="c_id" id="EF53F564-E6D2-7C27-721D-5A20E522B910">
<createdBy>aaronkb</createdBy>
<createdTime>2022-04-06 19:41:31 UTC</createdTime>
<ownerDesignName>wow_sale</ownerDesignName>
<engineerTo>
<item key="629FA570-B614-3E96-F38F-518C33223816" value="true"/>
</engineerTo>
<useDomainConstraints>false</useDomainConstraints>
<use>1</use>
<logicalDatatype>LOGDT019</logicalDatatype>
<dataTypePrecision>10</dataTypePrecision>
<ownDataTypeParameters>,10,</ownDataTypeParameters>
</Attribute>
<Attribute name="c_type" id="E3EE35F2-F752-FEB9-779E-68A64BDD611A">
<createdBy>aaronkb</createdBy>
<createdTime>2022-04-06 19:43:34 UTC</createdTime>
<ownerDesignName>wow_sale</ownerDesignName>
<engineerTo>
<item key="629FA570-B614-3E96-F38F-518C33223816" value="true"/>
</engineerTo>
<useDomainConstraints>false</useDomainConstraints>
<use>1</use>
<logicalDatatype>LOGDT025</logicalDatatype>
<dataTypeSize>1</dataTypeSize>
<ownDataTypeParameters>1,,</ownDataTypeParameters>
</Attribute>
<Attribute name="first_name" id="06B72841-5934-0DF5-F480-5875311A7F47">
<createdBy>aaronkb</createdBy>
<createdTime>2022-04-06 19:44:31 UTC</createdTime>
<ownerDesignName>wow_sale</ownerDesignName>
<engineerTo>
<item key="629FA570-B614-3E96-F38F-518C33223816" value="true"/>
</engineerTo>
<useDomainConstraints>false</useDomainConstraints>
<use>1</use>
<logicalDatatype>LOGDT024</logicalDatatype>
<dataTypeSize>10</dataTypeSize>
<ownDataTypeParameters>10,,</ownDataTypeParameters>
</Attribute>
<Attribute name="last_name" id="68EBBA82-F528-EA14-585B-44402070E1C5">
<createdBy>aaronkb</createdBy>
<createdTime>2022-04-06 19:45:41 UTC</createdTime>
<ownerDesignName>wow_sale</ownerDesignName>
<engineerTo>
<item key="629FA570-B614-3E96-F38F-518C33223816" value="true"/>
</engineerTo>
<useDomainConstraints>false</useDomainConstraints>
<use>1</use>
<logicalDatatype>LOGDT024</logicalDatatype>
<dataTypeSize>10</dataTypeSize>
<ownDataTypeParameters>10,,</ownDataTypeParameters>
</Attribute>
<Attribute name="email" id="31640DF7-BAD0-EB6A-A564-176F2DD2CAAF">
<createdBy>aaronkb</createdBy>
<createdTime>2022-04-06 19:45:53 UTC</createdTime>
<ownerDesignName>wow_sale</ownerDesignName>
<engineerTo>
<item key="629FA570-B614-3E96-F38F-518C33223816" value="true"/>
</engineerTo>
<useDomainConstraints>false</useDomainConstraints>
<use>1</use>
<logicalDatatype>LOGDT024</logicalDatatype>
<dataTypeSize>20</dataTypeSize>
<ownDataTypeParameters>20,,</ownDataTypeParameters>
</Attribute>
<Attribute name="phone_no" id="A43AD6C7-D127-134E-813F-2391BB0FF18D">
<createdBy>aaronkb</createdBy>
<createdTime>2022-04-06 19:47:51 UTC</createdTime>
<ownerDesignName>wow_sale</ownerDesignName>
<engineerTo>
<item key="629FA570-B614-3E96-F38F-518C33223816" value="true"/>
</engineerTo>
<useDomainConstraints>false</useDomainConstraints>
<use>1</use>
<logicalDatatype>LOGDT019</logicalDatatype>
<dataTypePrecision>15</dataTypePrecision>
<ownDataTypeParameters>,15,</ownDataTypeParameters>
</Attribute>
<Attribute name="address" id="58C8D111-C352-27B4-BD90-89D6F2218175">
<createdBy>aaronkb</createdBy>
<createdTime>2022-04-06 20:12:09 UTC</createdTime>
<ownerDesignName>wow_sale</ownerDesignName>
<engineerTo>
<item key="629FA570-B614-3E96-F38F-518C33223816" value="true"/>
</engineerTo>
<useDomainConstraints>false</useDomainConstraints>
<use>1</use>
<logicalDatatype>LOGDT024</logicalDatatype>
<dataTypeSize>30</dataTypeSize>
<ownDataTypeParameters>30,,</ownDataTypeParameters>
</Attribute>
<Attribute name="country" id="1D3E06AB-0141-203D-936F-DAF32D542533">
<createdBy>aaronkb</createdBy>
<createdTime>2022-04-06 20:12:26 UTC</createdTime>
<ownerDesignName>wow_sale</ownerDesignName>
<engineerTo>
<item key="629FA570-B614-3E96-F38F-518C33223816" value="true"/>
</engineerTo>
<useDomainConstraints>false</useDomainConstraints>
<use>1</use>
<logicalDatatype>LOGDT024</logicalDatatype>
<dataTypeSize>15</dataTypeSize>
<ownDataTypeParameters>15,,</ownDataTypeParameters>
</Attribute>
<Attribute name="state" id="272EB6DC-80EC-97C8-B809-6DFBE2CD3AFB">
<createdBy>aaronkb</createdBy>
<createdTime>2022-04-06 20:12:40 UTC</createdTime>
<ownerDesignName>wow_sale</ownerDesignName>
<engineerTo>
<item key="629FA570-B614-3E96-F38F-518C33223816" value="true"/>
</engineerTo>
<useDomainConstraints>false</useDomainConstraints>
<use>1</use>
<logicalDatatype>LOGDT024</logicalDatatype>
<dataTypeSize>10</dataTypeSize>
<ownDataTypeParameters>10,,</ownDataTypeParameters>
</Attribute>
<Attribute name="city" id="53D249A8-EB42-EE94-4A66-319B4DC4AA1E">
<createdBy>aaronkb</createdBy>
<createdTime>2022-04-06 20:12:55 UTC</createdTime>
<ownerDesignName>wow_sale</ownerDesignName>
<engineerTo>
<item key="629FA570-B614-3E96-F38F-518C33223816" value="true"/>
</engineerTo>
<useDomainConstraints>false</useDomainConstraints>
<use>1</use>
<logicalDatatype>LOGDT024</logicalDatatype>
<dataTypeSize>15</dataTypeSize>
<ownDataTypeParameters>15,,</ownDataTypeParameters>
</Attribute>
<Attribute name="zip_code" id="BEA708C5-B34F-3C90-3FCD-FE8D53DC33FC">
<createdBy>aaronkb</createdBy>
<createdTime>2022-04-06 20:13:08 UTC</createdTime>
<ownerDesignName>wow_sale</ownerDesignName>
<engineerTo>
<item key="629FA570-B614-3E96-F38F-518C33223816" value="true"/>
</engineerTo>
<useDomainConstraints>false</useDomainConstraints>
<use>1</use>
<logicalDatatype>LOGDT019</logicalDatatype>
<dataTypePrecision>10</dataTypePrecision>
<ownDataTypeParameters>,10,</ownDataTypeParameters>
</Attribute>
</attributes>
<identifiers itemClass="oracle.dbtools.crest.model.design.logical.CandidateKey">
<identifier id="DC5F7A26-8B99-A6DE-93D9-00837B1C21D4" name="ZCQ_customer PK">
<createdBy>aaronkb</createdBy>
<createdTime>2022-04-06 19:50:09 UTC</createdTime>
<ownerDesignName>wow_sale</ownerDesignName>
<engineerTo>
<item key="629FA570-B614-3E96-F38F-518C33223816" value="true"/>
</engineerTo>
<pk>true</pk>
<usedAttributes>
<attributeRef>EF53F564-E6D2-7C27-721D-5A20E522B910</attributeRef>
</usedAttributes>
</identifier>
</identifiers>
</Entity>