<?xml version = '1.0' encoding = 'UTF-8'?>
<Relation class="oracle.dbtools.crest.model.design.logical.InheritanceRelation" name="Hierarchy_1" directorySegmentName="seg_0" id="76E2C902-FA4C-C8D6-7685-E36FA1C003C2">
<createdBy>aaronkb</createdBy>
<createdTime>2022-04-06 20:06:06 UTC</createdTime>
<ownerDesignName>wow_sale</ownerDesignName>
<engineerTo>
<item key="629FA570-B614-3E96-F38F-518C33223816" value="true"/>
</engineerTo>
<identifying>false</identifying>
<nameOnSource>Super Type</nameOnSource>
<nameOnTarget>Sub Type</nameOnTarget>
<optionalSource>true</optionalSource>
<optionalTarget>true</optionalTarget>
<sourceEntity>BBF3F162-BBE5-BE5D-A8C6-6875C88FD5F4</sourceEntity>
<targetEntity>D628CAD0-A253-E061-1B46-1C77F8D61085</targetEntity>
<transferable>true</transferable>
<deleteRule>NO ACTION</deleteRule>
</Relation>