<?xml version = '1.0' encoding = 'UTF-8'?>
<Table class="oracle.dbtools.crest.model.design.relational.Table" directorySegmentName="seg_0" id="8F225FF7-81F7-9505-249E-33DFBA35BDF6" name="ZCQ_vehicle">
<createdBy>aaronkb</createdBy>
<createdTime>2022-04-06 20:43:30 UTC</createdTime>
<generatorID>99EDBBB2-1015-772D-05ED-58DABEBFB802</generatorID>
<ownerDesignName>wow_sale</ownerDesignName>
<allowColumnReorder>false</allowColumnReorder>
<existDependencyGenerateInDDl>true</existDependencyGenerateInDDl>
<parsed>true</parsed>
<columns itemClass="oracle.dbtools.crest.model.design.relational.Column">
<Column name="VIN" id="A9952674-7E04-231E-3DFF-2EF17C692BFC">
<createdBy>aaronkb</createdBy>
<createdTime>2022-04-06 20:43:30 UTC</createdTime>
<generatorID>A5A52B42-2D38-53F8-AB86-FD3A4EEE1750</generatorID>
<ownerDesignName>wow_sale</ownerDesignName>
<useDomainConstraints>false</useDomainConstraints>
<use>1</use>
<logicalDatatype>LOGDT019</logicalDatatype>
<dataTypePrecision>10</dataTypePrecision>
<ownDataTypeParameters>,10,</ownDataTypeParameters>
<autoIncrementCycle>false</autoIncrementCycle>
</Column>
<Column name="make" id="ECD56039-C71D-5F28-F367-7F3B39452833">
<createdBy>aaronkb</createdBy>
<createdTime>2022-04-06 20:43:30 UTC</createdTime>
<generatorID>5DD2FC30-06F8-1467-FED0-B6EA65AD01B1</generatorID>
<ownerDesignName>wow_sale</ownerDesignName>
<useDomainConstraints>false</useDomainConstraints>
<use>1</use>
<logicalDatatype>LOGDT024</logicalDatatype>
<dataTypeSize>30</dataTypeSize>
<ownDataTypeParameters>30,,</ownDataTypeParameters>
<autoIncrementCycle>false</autoIncrementCycle>
</Column>
<Column name="model" id="801DF1A9-4D16-022D-8C56-CD813961D60F">
<createdBy>aaronkb</createdBy>
<createdTime>2022-04-06 20:43:30 UTC</createdTime>
<generatorID>D53477A2-D8BA-2C2C-DD1B-17B517EDA47B</generatorID>
<ownerDesignName>wow_sale</ownerDesignName>
<useDomainConstraints>false</useDomainConstraints>
<use>1</use>
<logicalDatatype>LOGDT024</logicalDatatype>
<dataTypeSize>30</dataTypeSize>
<ownDataTypeParameters>30,,</ownDataTypeParameters>
<autoIncrementCycle>false</autoIncrementCycle>
</Column>
<Column name="year" id="9DCC3CBC-1CA9-3D52-43FC-1B23B2EA4E1F">
<createdBy>aaronkb</createdBy>
<createdTime>2022-04-06 20:43:30 UTC</createdTime>
<generatorID>B9B5E5B8-33ED-4A5F-B28C-5A5256276CD7</generatorID>
<ownerDesignName>wow_sale</ownerDesignName>
<useDomainConstraints>false</useDomainConstraints>
<use>1</use>
<logicalDatatype>LOGDT007</logicalDatatype>
<ownDataTypeParameters>,,</ownDataTypeParameters>
<autoIncrementCycle>false</autoIncrementCycle>
</Column>
<Column name="LPN" id="FA48CB48-7134-E965-7033-EA4B84AEC9E1">
<createdBy>aaronkb</createdBy>
<createdTime>2022-04-06 20:43:30 UTC</createdTime>
<generatorID>E27DFC21-56F5-0DC4-15D6-95F737DF7A56</generatorID>
<ownerDesignName>wow_sale</ownerDesignName>
<useDomainConstraints>false</useDomainConstraints>
<use>1</use>
<logicalDatatype>LOGDT019</logicalDatatype>
<dataTypePrecision>20</dataTypePrecision>
<ownDataTypeParameters>,20,</ownDataTypeParameters>
<autoIncrementCycle>false</autoIncrementCycle>
</Column>
<Column name="class_id" id="04C8D0DE-9338-8643-51A2-5DDF35BA1B12">
<createdBy>aaronkb</createdBy>
<createdTime>2022-04-06 20:43:30 UTC</createdTime>
<generatorID>428CAE85-C13E-3B0A-25A1-D4EDC4FA9B05</generatorID>
<ownerDesignName>wow_sale</ownerDesignName>
<useDomainConstraints>false</useDomainConstraints>
<use>1</use>
<logicalDatatype>LOGDT019</logicalDatatype>
<dataTypePrecision>20</dataTypePrecision>
<ownDataTypeParameters>,,</ownDataTypeParameters>
<previousColumn>false</previousColumn>
<autoIncrementCycle>false</autoIncrementCycle>
<associations>
<colAssociation fkAssociation="E4064714-C102-E23F-0715-A9E3D2C98257" referredColumn="1F6C6FA6-72D8-A943-58B7-1E001551F103"/>
</associations>
</Column>
<Column name="cur_loc" id="ACCCC78D-10B2-766E-330A-7F3CAB8771AB">
<createdBy>aaronkb</createdBy>
<createdTime>2022-04-06 20:43:30 UTC</createdTime>
<generatorID>19162EC0-7146-C840-DDCF-A257C6240448</generatorID>
<ownerDesignName>wow_sale</ownerDesignName>
<useDomainConstraints>false</useDomainConstraints>
<use>1</use>
<logicalDatatype>LOGDT019</logicalDatatype>
<dataTypePrecision>10</dataTypePrecision>
<ownDataTypeParameters>,,</ownDataTypeParameters>
<previousColumn>false</previousColumn>
<autoIncrementCycle>false</autoIncrementCycle>
<associations>
<colAssociation fkAssociation="C233710C-4784-C178-88DB-90E0D727113B" referredColumn="C03F4BDB-1A78-0EF5-13E0-5306DFEAE4B7"/>
</associations>
</Column>
<Column name="ofc_id" id="72A6203C-BD3B-5F56-9124-C79A231FBB3B">
<createdBy>aaronkb</createdBy>
<createdTime>2022-04-06 20:43:30 UTC</createdTime>
<generatorID>C62C8F68-1113-646C-45B4-9801099D072D</generatorID>
<ownerDesignName>wow_sale</ownerDesignName>
<useDomainConstraints>false</useDomainConstraints>
<use>1</use>
<logicalDatatype>LOGDT019</logicalDatatype>
<dataTypePrecision>10</dataTypePrecision>
<ownDataTypeParameters>,,</ownDataTypeParameters>
<previousColumn>false</previousColumn>
<autoIncrementCycle>false</autoIncrementCycle>
<associations>
<colAssociation fkAssociation="5EB7CC4F-F4A3-FD14-B9E7-0B7E68D7EC26" referredColumn="C03F4BDB-1A78-0EF5-13E0-5306DFEAE4B7"/>
</associations>
</Column>
</columns>
<indexes itemClass="oracle.dbtools.crest.model.design.relational.Index">
<ind_PK_UK id="BA775E56-9EDB-E85F-20C1-DD39AE3555F6" name="ZCQ_vehicle_PK">
<createdBy>aaronkb</createdBy>
<createdTime>2022-04-06 20:43:30 UTC</createdTime>
<generatorID>466A787E-40F9-2C4C-5B58-D2DE6E25FB2A</generatorID>
<ownerDesignName>wow_sale</ownerDesignName>
<pk>true</pk>
<indexState>Primary Constraint</indexState>
<isSurrogateKey>false</isSurrogateKey>
<indexColumnUsage>
<colUsage columnID="A9952674-7E04-231E-3DFF-2EF17C692BFC"/>
</indexColumnUsage>
</ind_PK_UK>
<ind_PK_UK id="87AEBA88-BDCC-59B3-89FE-EBD2537C8743" name="ZCQ_vehicle_ZCQ_vehicle_class_FK">
<createdBy>aaronkb</createdBy>
<createdTime>2022-04-06 20:43:30 UTC</createdTime>
<generatorID>752F42DA-03C0-4031-1E58-093CDA60CC32</generatorID>
<ownerDesignName>wow_sale</ownerDesignName>
<indexState>Foreign Key</indexState>
<isSurrogateKey>false</isSurrogateKey>
<indexColumnUsage>
<colUsage columnID="04C8D0DE-9338-8643-51A2-5DDF35BA1B12"/>
</indexColumnUsage>
</ind_PK_UK>
<ind_PK_UK id="A38B9B8F-1FF1-75A6-9505-BF5A87C62EED" name="ZCQ_vehicle_ZCQ_office_FK">
<createdBy>aaronkb</createdBy>
<createdTime>2022-04-06 20:43:30 UTC</createdTime>
<generatorID>FBDE811A-A898-2FA9-8FFB-7DA7A33696F9</generatorID>
<ownerDesignName>wow_sale</ownerDesignName>
<indexState>Foreign Key</indexState>
<isSurrogateKey>false</isSurrogateKey>
<indexColumnUsage>
<colUsage columnID="72A6203C-BD3B-5F56-9124-C79A231FBB3B"/>
</indexColumnUsage>
</ind_PK_UK>
<ind_PK_UK id="EDBC91C6-34B4-3EA9-C75A-AB5447D0F0F1" name="ZCQ_vehicle_ZCQ_office_FKv2">
<createdBy>aaronkb</createdBy>
<createdTime>2022-04-06 20:43:30 UTC</createdTime>
<generatorID>C3BC571D-293E-98A6-8F29-A61193342023</generatorID>
<ownerDesignName>wow_sale</ownerDesignName>
<indexState>Foreign Key</indexState>
<isSurrogateKey>false</isSurrogateKey>
<indexColumnUsage>
<colUsage columnID="ACCCC78D-10B2-766E-330A-7F3CAB8771AB"/>
</indexColumnUsage>
</ind_PK_UK>
</indexes>
</Table>