<?xml version = '1.0' encoding = 'UTF-8'?>
<Table class="oracle.dbtools.crest.model.design.relational.Table" directorySegmentName="seg_0" id="CDBBB986-954C-B2AF-C4AB-FF2F97FB60CA" name="ZCQ_invoice">
<createdBy>aaronkb</createdBy>
<createdTime>2022-04-06 20:43:30 UTC</createdTime>
<generatorID>F82033F6-72D9-27D8-9FF1-7BFEF90E4C31</generatorID>
<ownerDesignName>wow_sale</ownerDesignName>
<allowColumnReorder>false</allowColumnReorder>
<existDependencyGenerateInDDl>true</existDependencyGenerateInDDl>
<parsed>true</parsed>
<columns itemClass="oracle.dbtools.crest.model.design.relational.Column">
<Column name="invo_id" id="D8B1C517-E50A-4DF2-3354-57B59AEE1BEF">
<createdBy>aaronkb</createdBy>
<createdTime>2022-04-06 20:43:30 UTC</createdTime>
<generatorID>1C1BDD79-3B6E-B6D2-0B18-88F4D91A5F38</generatorID>
<ownerDesignName>wow_sale</ownerDesignName>
<useDomainConstraints>false</useDomainConstraints>
<use>1</use>
<logicalDatatype>LOGDT019</logicalDatatype>
<dataTypePrecision>20</dataTypePrecision>
<ownDataTypeParameters>,20,</ownDataTypeParameters>
<autoIncrementCycle>false</autoIncrementCycle>
</Column>
<Column name="date" id="425B83B1-C406-2C8F-194E-73CEA5CF7E02">
<createdBy>aaronkb</createdBy>
<createdTime>2022-04-06 20:43:30 UTC</createdTime>
<generatorID>09B6D141-D0D6-3635-6F55-4EA436D4A5CE</generatorID>
<ownerDesignName>wow_sale</ownerDesignName>
<useDomainConstraints>false</useDomainConstraints>
<use>1</use>
<logicalDatatype>LOGDT007</logicalDatatype>
<ownDataTypeParameters>,,</ownDataTypeParameters>
<autoIncrementCycle>false</autoIncrementCycle>
</Column>
<Column name="amount" id="7329F6DE-CEE5-DD46-7A1B-9F545802FAB7">
<createdBy>aaronkb</createdBy>
<createdTime>2022-04-06 20:43:30 UTC</createdTime>
<generatorID>4B5C71D9-0C65-B39C-5955-CD3C3A4C4DC3</generatorID>
<ownerDesignName>wow_sale</ownerDesignName>
<useDomainConstraints>false</useDomainConstraints>
<use>1</use>
<logicalDatatype>LOGDT019</logicalDatatype>
<dataTypePrecision>20</dataTypePrecision>
<dataTypeScale>2</dataTypeScale>
<ownDataTypeParameters>,20,2</ownDataTypeParameters>
<autoIncrementCycle>false</autoIncrementCycle>
</Column>
</columns>
<indexes itemClass="oracle.dbtools.crest.model.design.relational.Index">
<ind_PK_UK id="B3ABF447-08DB-EACF-F1D1-98CD61F8D8D2" name="ZCQ_invoice_PK">
<createdBy>aaronkb</createdBy>
<createdTime>2022-04-06 20:43:30 UTC</createdTime>
<generatorID>F43A828D-1BEF-A499-4AA2-91DA56752617</generatorID>
<ownerDesignName>wow_sale</ownerDesignName>
<pk>true</pk>
<indexState>Primary Constraint</indexState>
<isSurrogateKey>false</isSurrogateKey>
<indexColumnUsage>
<colUsage columnID="D8B1C517-E50A-4DF2-3354-57B59AEE1BEF"/>
</indexColumnUsage>
</ind_PK_UK>
</indexes>
</Table>