<?xml version = '1.0' encoding = 'UTF-8'?>
<Diagram class="oracle.dbtools.crest.swingui.logical.DPVLogical" name="Logical" id="72819924-9ED4-29E4-54D8-22051449CD4E">
<createdBy>aaronkb</createdBy>
<modifiedBy>aaronkb</modifiedBy>
<createdTime>2022-04-06 18:57:41 UTC</createdTime>
<autoRoute>false</autoRoute>
<boxInbox>true</boxInbox>
<showLegend>false</showLegend>
<showLabels>false</showLabels>
<showRelAttributes>false</showRelAttributes>
<gridEnabled>false</gridEnabled>
<showGrid>false</showGrid>
<diagramColor>-1</diagramColor>
<display>false</display>
<notation>1</notation>
<objectViews>
<OView class="oracle.dbtools.crest.swingui.logical.TVEntity" oid="50DB4B14-9A76-6F25-BDB8-F106C816F602" otype="Entity" vid="DDF1D420-AD9F-0E2B-D684-E91C908F64BF">
<hideElementsInCurrentOnly>false</hideElementsInCurrentOnly>
<bounds x="55" y="687" width="170" height="110"/>
</OView>
<OView class="oracle.dbtools.crest.swingui.logical.TVEntity" oid="6589D6E2-AE08-8A61-F8CA-EBF8AB4D790B" otype="Entity" vid="919D4D07-A7D7-87BA-B180-DCDAFBECB294">
<hideElementsInCurrentOnly>false</hideElementsInCurrentOnly>
<bounds x="390" y="159" width="170" height="110"/>
</OView>
<OView class="oracle.dbtools.crest.swingui.logical.TVEntity" oid="6AE641EB-9C73-17C9-965C-171D7D318C74" otype="Entity" vid="B25A4F47-9D23-5EE5-0A81-93D07B12B183">
<hideElementsInCurrentOnly>false</hideElementsInCurrentOnly>
<bounds x="437" y="430" width="120" height="40"/>
</OView>
<OView class="oracle.dbtools.crest.swingui.logical.TVEntity" oid="8080F069-1222-F11C-6C08-F8FBECCE7DAF" otype="Entity" vid="458521A0-01C7-06AE-CF84-473AF43595CB">
<hideElementsInCurrentOnly>false</hideElementsInCurrentOnly>
<bounds x="46" y="160" width="113" height="116"/>
</OView>
<OView class="oracle.dbtools.crest.swingui.logical.TVEntity" oid="8C3BB523-B0E9-C152-7B0C-AB08C1B9DC1C" otype="Entity" vid="14D5ADDE-C1C5-02B6-C7BB-D7DC8D0B4297">
<hideElementsInCurrentOnly>false</hideElementsInCurrentOnly>
<bounds x="249" y="537" width="170" height="110"/>
</OView>
<OView class="oracle.dbtools.crest.swingui.logical.TVEntity" oid="99EDBBB2-1015-772D-05ED-58DABEBFB802" otype="Entity" vid="DF8EC340-27C3-7C90-27AC-E2E28AF1E78B">
<hideElementsInCurrentOnly>false</hideElementsInCurrentOnly>
<bounds x="179" y="163" width="100" height="90"/>
</OView>
<OView class="oracle.dbtools.crest.swingui.logical.TVEntity" oid="BBF3F162-BBE5-BE5D-A8C6-6875C88FD5F4" otype="Entity" vid="AB538252-83F7-68E4-A24E-3F462E4F3F1F">
<hideElementsInCurrentOnly>false</hideElementsInCurrentOnly>
<bounds x="327" y="334" width="252" height="170"/>
</OView>
<OView class="oracle.dbtools.crest.swingui.logical.TVEntity" oid="D4E46755-BD42-B58D-4C5B-408B82481D35" otype="Entity" vid="D3977A44-61E6-2443-CF28-6F4A59DCCFDA">
<hideElementsInCurrentOnly>false</hideElementsInCurrentOnly>
<bounds x="629" y="345" width="170" height="110"/>
</OView>
<OView class="oracle.dbtools.crest.swingui.logical.TVEntity" oid="D628CAD0-A253-E061-1B46-1C77F8D61085" otype="Entity" vid="31711BA0-A656-C483-CD90-0B6B848B9275">
<hideElementsInCurrentOnly>false</hideElementsInCurrentOnly>
<bounds x="437" y="354" width="130" height="66"/>
</OView>
<OView class="oracle.dbtools.crest.swingui.logical.TVEntity" oid="E0443462-90CC-750B-38FF-DA602B4B3618" otype="Entity" vid="161FD466-DC5F-8784-5D79-C2FCE91D52FB">
<hideElementsInCurrentOnly>false</hideElementsInCurrentOnly>
<bounds x="474" y="530" width="170" height="110"/>
</OView>
<OView class="oracle.dbtools.crest.swingui.logical.TVEntity" oid="F82033F6-72D9-27D8-9FF1-7BFEF90E4C31" otype="Entity" vid="34DE35C0-1559-34C7-993C-2BE7A3511D02">
<hideElementsInCurrentOnly>false</hideElementsInCurrentOnly>
<bounds x="53" y="536" width="170" height="110"/>
</OView>
<OView class="oracle.dbtools.crest.swingui.logical.TVEntity" oid="F9653F57-51E7-D3D1-7FB4-500BFE694623" otype="Entity" vid="A568E71A-0483-8AAC-F812-826A603950E5">
<hideElementsInCurrentOnly>false</hideElementsInCurrentOnly>
<bounds x="52" y="371" width="199" height="110"/>
</OView>
</objectViews>
<connectors>
<Connector class="oracle.dbtools.crest.swingui.logical.TVRelation" oid="3A838C38-E563-1AEF-9499-7008BF3A1705" otype="Relation" vid_source="AB538252-83F7-68E4-A24E-3F462E4F3F1F" vid_target="A568E71A-0483-8AAC-F812-826A603950E5">
<hideElementsInCurrentOnly>false</hideElementsInCurrentOnly>
<backgroundColor>-16777216</backgroundColor>
<lineWidth>1</lineWidth>
<points>
<point x="327" y="426"/>
<point x="251" y="426"/>
</points>
</Connector>
<Connector class="oracle.dbtools.crest.swingui.logical.TVRelation" oid="42AEEBEB-1E8F-1732-E0C7-3520FAA708E6" otype="Relation" vid_source="458521A0-01C7-06AE-CF84-473AF43595CB" vid_target="A568E71A-0483-8AAC-F812-826A603950E5">
<hideElementsInCurrentOnly>false</hideElementsInCurrentOnly>
<backgroundColor>-16777216</backgroundColor>
<lineWidth>1</lineWidth>
<points>
<point x="120" y="276"/>
<point x="120" y="371"/>
</points>
</Connector>
<Connector class="oracle.dbtools.crest.swingui.logical.TVRelation" oid="5828FA61-C250-A21F-711C-33DDD1E1B4B8" otype="Relation" vid_source="14D5ADDE-C1C5-02B6-C7BB-D7DC8D0B4297" vid_target="161FD466-DC5F-8784-5D79-C2FCE91D52FB">
<hideElementsInCurrentOnly>false</hideElementsInCurrentOnly>
<backgroundColor>-16777216</backgroundColor>
<lineWidth>1</lineWidth>
<points>
<point x="419" y="588"/>
<point x="474" y="588"/>
</points>
</Connector>
<Connector class="oracle.dbtools.crest.swingui.logical.TVInheritanceRelation" oid="5C1189D7-223E-F13F-E12F-9932D021A369" otype="Hierarchy relation" vid_source="AB538252-83F7-68E4-A24E-3F462E4F3F1F" vid_target="B25A4F47-9D23-5EE5-0A81-93D07B12B183">
<hideElementsInCurrentOnly>false</hideElementsInCurrentOnly>
<backgroundColor>-65536</backgroundColor>
<lineWidth>1</lineWidth>
</Connector>
<Connector class="oracle.dbtools.crest.swingui.logical.TVRelation" oid="752F42DA-03C0-4031-1E58-093CDA60CC32" otype="Relation" vid_source="919D4D07-A7D7-87BA-B180-DCDAFBECB294" vid_target="DF8EC340-27C3-7C90-27AC-E2E28AF1E78B">
<hideElementsInCurrentOnly>false</hideElementsInCurrentOnly>
<backgroundColor>-16777216</backgroundColor>
<lineWidth>1</lineWidth>
<points>
<point x="390" y="208"/>
<point x="279" y="208"/>
</points>
</Connector>
<Connector class="oracle.dbtools.crest.swingui.logical.TVInheritanceRelation" oid="76E2C902-FA4C-C8D6-7685-E36FA1C003C2" otype="Hierarchy relation" vid_source="AB538252-83F7-68E4-A24E-3F462E4F3F1F" vid_target="31711BA0-A656-C483-CD90-0B6B848B9275">
<hideElementsInCurrentOnly>false</hideElementsInCurrentOnly>
<backgroundColor>-65536</backgroundColor>
<lineWidth>1</lineWidth>
</Connector>
<Connector class="oracle.dbtools.crest.swingui.logical.TVRelation" oid="AD840759-B3E8-50B0-D3C6-51A999EAEB2B" otype="Relation" vid_source="A568E71A-0483-8AAC-F812-826A603950E5" vid_target="14D5ADDE-C1C5-02B6-C7BB-D7DC8D0B4297">
<hideElementsInCurrentOnly>false</hideElementsInCurrentOnly>
<backgroundColor>-16777216</backgroundColor>
<lineWidth>1</lineWidth>
<points>
<point x="250" y="481"/>
<point x="250" y="537"/>
</points>
</Connector>
<Connector class="oracle.dbtools.crest.swingui.logical.TVRelation" oid="AF03CC55-AD59-9835-5E37-AF169DDDCD00" otype="Relation" vid_source="D3977A44-61E6-2443-CF28-6F4A59DCCFDA" vid_target="B25A4F47-9D23-5EE5-0A81-93D07B12B183">
<hideElementsInCurrentOnly>false</hideElementsInCurrentOnly>
<backgroundColor>-16777216</backgroundColor>
<lineWidth>1</lineWidth>
<points>
<point x="629" y="442"/>
<point x="557" y="442"/>
</points>
</Connector>
<Connector class="oracle.dbtools.crest.swingui.logical.TVRelation" oid="B0217611-16C6-C7D0-2F30-0FE30B46786F" otype="Relation" vid_source="458521A0-01C7-06AE-CF84-473AF43595CB" vid_target="A568E71A-0483-8AAC-F812-826A603950E5">
<hideElementsInCurrentOnly>false</hideElementsInCurrentOnly>
<backgroundColor>-16777216</backgroundColor>
<lineWidth>1</lineWidth>
<points>
<point x="105" y="276"/>
<point x="105" y="371"/>
</points>
</Connector>
<Connector class="oracle.dbtools.crest.swingui.logical.TVRelation" oid="B064FD85-E527-B29B-16B9-9CA1D226B4E6" otype="Relation" vid_source="34DE35C0-1559-34C7-993C-2BE7A3511D02" vid_target="DDF1D420-AD9F-0E2B-D684-E91C908F64BF">
<hideElementsInCurrentOnly>false</hideElementsInCurrentOnly>
<backgroundColor>-16777216</backgroundColor>
<lineWidth>1</lineWidth>
<points>
<point x="139" y="646"/>
<point x="139" y="687"/>
</points>
</Connector>
<Connector class="oracle.dbtools.crest.swingui.logical.TVRelation" oid="BBC11B3F-CDF7-AC04-26F7-8EA2322F20A6" otype="Relation" vid_source="AB538252-83F7-68E4-A24E-3F462E4F3F1F" vid_target="161FD466-DC5F-8784-5D79-C2FCE91D52FB">
<hideElementsInCurrentOnly>false</hideElementsInCurrentOnly>
<backgroundColor>-16777216</backgroundColor>
<lineWidth>1</lineWidth>
<points>
<point x="526" y="504"/>
<point x="526" y="530"/>
</points>
</Connector>
<Connector class="oracle.dbtools.crest.swingui.logical.TVRelation" oid="C3BC571D-293E-98A6-8F29-A61193342023" otype="Relation" vid_source="458521A0-01C7-06AE-CF84-473AF43595CB" vid_target="DF8EC340-27C3-7C90-27AC-E2E28AF1E78B">
<hideElementsInCurrentOnly>false</hideElementsInCurrentOnly>
<backgroundColor>-16777216</backgroundColor>
<lineWidth>1</lineWidth>
<points>
<point x="159" y="208"/>
<point x="179" y="208"/>
</points>
</Connector>
<Connector class="oracle.dbtools.crest.swingui.logical.TVRelation" oid="CAB75185-DE82-6131-9FFA-04C76966A99E" otype="Relation" vid_source="DF8EC340-27C3-7C90-27AC-E2E28AF1E78B" vid_target="A568E71A-0483-8AAC-F812-826A603950E5">
<hideElementsInCurrentOnly>false</hideElementsInCurrentOnly>
<backgroundColor>-16777216</backgroundColor>
<lineWidth>1</lineWidth>
<points>
<point x="215" y="253"/>
<point x="215" y="371"/>
</points>
</Connector>
<Connector class="oracle.dbtools.crest.swingui.logical.TVRelation" oid="E22C655E-4CD8-7F62-2D5E-36368ABD8A34" otype="Relation" vid_source="A568E71A-0483-8AAC-F812-826A603950E5" vid_target="34DE35C0-1559-34C7-993C-2BE7A3511D02">
<hideElementsInCurrentOnly>false</hideElementsInCurrentOnly>
<backgroundColor>-16777216</backgroundColor>
<lineWidth>1</lineWidth>
<points>
<point x="138" y="481"/>
<point x="138" y="536"/>
</points>
</Connector>
<Connector class="oracle.dbtools.crest.swingui.logical.TVRelation" oid="FBDE811A-A898-2FA9-8FFB-7DA7A33696F9" otype="Relation" vid_source="458521A0-01C7-06AE-CF84-473AF43595CB" vid_target="DF8EC340-27C3-7C90-27AC-E2E28AF1E78B">
<hideElementsInCurrentOnly>false</hideElementsInCurrentOnly>
<backgroundColor>-16777216</backgroundColor>
<lineWidth>1</lineWidth>
<points>
<point x="159" y="223"/>
<point x="179" y="223"/>
</points>
</Connector>
</connectors>
</Diagram>